170TRE0001;5493;17-05-2018;35300;35300;0;1;1;35300;35300;;BELANJA OMI TGL 2 s.d 17 MEI 2018
170TRE0002;5596;17-05-2018;159100;159100;0;1;1;159100;159100;;BELANJA OMI TGL 2 s.d 17 MEI 2018
170TRE0003;5919;30-04-2018;105150;105150;0;1;1;105150;105150;;BELANJA OMI TGL 18 s.d 30 APRL 2018
170TRE0004;5919;17-05-2018;47450;47450;0;1;1;47450;47450;;BELANJA OMI TGL 2 s.d 17 MEI 2018
170TRE0005;5924;30-04-2018;46700;46700;0;1;1;46700;46700;;BELANJA OMI TGL 18 s.d 30 APRL 2018
170TRE0006;5924;17-05-2018;87100;87100;0;1;1;87100;87100;;BELANJA OMI TGL 2 s.d 17 MEI 2018
170TRE0007;7044;30-04-2018;94850;94850;0;1;1;94850;94850;;BELANJA OMI TGL 18 s.d 30 APRL 2018
170TRE0008;7044;17-05-2018;189350;189350;0;1;1;189350;189350;;BELANJA OMI TGL 2 s.d 17 MEI 2018
170TRE0009;8543;30-04-2018;220650;220650;0;1;1;220650;220650;;BELANJA OMI TGL 18 s.d 30 APRL 2018
170TRE0010;8543;17-05-2018;413500;413500;0;1;1;413500;413500;;BELANJA OMI TGL 2 s.d 17 MEI 2018
170TRE0011;9674;30-04-2018;6000;6000;0;1;1;6000;6000;;BELANJA OMI TGL 18 s.d 30 APRL 2018
170TRE0012;10401;30-04-2018;143500;143500;0;1;1;143500;143500;;BELANJA OMI TGL 18 s.d 30 APRL 2018
170TRE0013;10401;17-05-2018;105800;105800;0;1;1;105800;105800;;BELANJA OMI TGL 2 s.d 17 MEI 2018
170TRE0014;10403;17-05-2018;23100;23100;0;1;1;23100;23100;;BELANJA OMI TGL 2 s.d 17 MEI 2018
170TRE0015;10424;17-05-2018;31700;31700;0;1;1;31700;31700;;BELANJA OMI TGL 2 s.d 17 MEI 2018
170TRE0016;10464;30-04-2018;755600;755600;0;1;1;755600;755600;;BELANJA OMI TGL 18 s.d 30 APRL 2018
170TRE0017;10464;30-04-2018;175000;175000;0;1;1;175000;175000;;BELANJA OMI NUGET TGL 18 s.d 30 APRL 2018
170TRE0018;10464;17-05-2018;908200;908200;0;1;1;908200;908200;;BELANJA OMI TGL 2 s.d 17 MEI 2018
170TRE0019;10849;17-05-2018;11400;11400;0;1;1;11400;11400;;BELANJA OMI TGL 2 s.d 17 MEI 2018
170TRE0020;20199;30-04-2018;14000;14000;0;1;1;14000;14000;;BELANJA OMI TGL 18 s.d 30 APRL 2018
170TRE0021;20199;17-05-2018;163000;163000;0;1;1;163000;163000;;BELANJA OMI TGL 2 s.d 17 MEI 2018
170TRE0022;20206;30-04-2018;31000;31000;0;1;1;31000;31000;;BELANJA OMI TGL 18 s.d 30 APRL 2018
170TRE0023;20206;17-05-2018;96700;96700;0;1;1;96700;96700;;BELANJA OMI TGL 2 s.d 17 MEI 2018
170TRE0024;40310;30-04-2018;220050;220050;0;1;1;220050;220050;;BELANJA OMI TGL 18 s.d 30 APRL 2018
170TRE0025;40310;17-05-2018;313300;313300;0;1;1;313300;313300;;BELANJA OMI TGL 2 s.d 17 MEI 2018
170TRE0026;40310;17-05-2018;40000;40000;0;1;1;40000;40000;;BELANJA OMI NUGET TGL 2 s.d 17 MEI 2018
170TRE0027;50405;30-04-2018;24600;24600;0;1;1;24600;24600;;BELANJA OMI TGL 18 s.d 30 APRL 2018
170TRE0028;50405;17-05-2018;174600;174600;0;1;1;174600;174600;;BELANJA OMI TGL 2 s.d 17 MEI 2018
170TRE0029;53478;30-04-2018;38600;38600;0;1;1;38600;38600;;BELANJA OMI TGL 18 s.d 30 APRL 2018
170TRE0030;53563;30-04-2018;35900;35900;0;1;1;35900;35900;;BELANJA OMI TGL 18 s.d 30 APRL 2018
170TRE0031;53564;30-04-2018;20500;20500;0;1;1;20500;20500;;BELANJA OMI TGL 18 s.d 30 APRL 2018
170TRE0032;53564;17-05-2018;202200;202200;0;1;1;202200;202200;;BELANJA OMI TGL 2 s.d 17 MEI 2018
170TRE0033;53564;17-05-2018;40000;40000;0;1;1;40000;40000;;BELANJA OMI NUGET TGL 2 s.d 17 MEI 2018
170TRE0034;53749;17-05-2018;16600;16600;0;1;1;16600;16600;;BELANJA OMI TGL 2 s.d 17 MEI 2018
170TRE0035;53839;30-04-2018;471600;471600;0;1;1;471600;471600;;BELANJA OMI TGL 18 s.d 30 APRL 2018
170TRE0036;53839;30-04-2018;31000;31000;0;1;1;31000;31000;;BELANJA OMI NUGET TGL 18 s.d 30 APRL 2018
170TRE0037;53839;17-05-2018;483900;483900;0;1;1;483900;483900;;BELANJA OMI TGL 2 s.d 17 MEI 2018
170TRE0038;54466;17-05-2018;29200;29200;0;1;1;29200;29200;;BELANJA OMI TGL 2 s.d 17 MEI 2018
170TRE0039;54498;30-04-2018;57900;57900;0;1;1;57900;57900;;BELANJA OMI TGL 18 s.d 30 APRL 2018
170TRE0040;54583;17-05-2018;45000;45000;0;1;1;45000;45000;;BELANJA OMI TGL 2 s.d 17 MEI 2018
170TRE0041;54616;30-04-2018;4700;4700;0;1;1;4700;4700;;BELANJA OMI TGL 18 s.d 30 APRL 2018
170TRE0042;54616;17-05-2018;36500;36500;0;1;1;36500;36500;;BELANJA OMI TGL 2 s.d 17 MEI 2018
170TRE0043;55458;30-04-2018;34300;34300;0;1;1;34300;34300;;BELANJA OMI TGL 18 s.d 30 APRL 2018
170TRE0044;55458;17-05-2018;41200;41200;0;1;1;41200;41200;;BELANJA OMI TGL 2 s.d 17 MEI 2018
170TRE0045;56023;30-04-2018;71600;71600;0;1;1;71600;71600;;BELANJA OMI TGL 18 s.d 30 APRL 2018
170TRE0046;56023;17-05-2018;57700;57700;0;1;1;57700;57700;;BELANJA OMI TGL 2 s.d 17 MEI 2018
170TRE0047;56142;30-04-2018;13400;13400;0;1;1;13400;13400;;BELANJA OMI TGL 18 s.d 30 APRL 2018
170TRE0048;56142;17-05-2018;10200;10200;0;1;1;10200;10200;;BELANJA OMI TGL 2 s.d 17 MEI 2018
170TRE0049;56275;30-04-2018;8100;8100;0;1;1;8100;8100;;BELANJA OMI TGL 18 s.d 30 APRL 2018
170TRE0050;57163;30-04-2018;31500;31500;0;1;1;31500;31500;;BELANJA OMI TGL 18 s.d 30 APRL 2018
170TRE0051;57163;17-05-2018;22500;22500;0;1;1;22500;22500;;BELANJA OMI TGL 2 s.d 17 MEI 2018
170TRE0052;58835;30-04-2018;8000;8000;0;1;1;8000;8000;;BELANJA OMI TGL 18 s.d 30 APRL 2018
170TRE0053;58835;17-05-2018;27900;27900;0;1;1;27900;27900;;BELANJA OMI TGL 2 s.d 17 MEI 2018
170TRE0054;59165;30-04-2018;5100;5100;0;1;1;5100;5100;;BELANJA OMI TGL 18 s.d 30 APRL 2018
170TRE0055;59165;17-05-2018;40100;40100;0;1;1;40100;40100;;BELANJA OMI TGL 2 s.d 17 MEI 2018
170TRE0056;60204;30-04-2018;87100;87100;0;1;1;87100;87100;;BELANJA OMI TGL 18 s.d 30 APRL 2018
170TRE0057;61621;30-04-2018;85300;85300;0;1;1;85300;85300;;BELANJA OMI TGL 18 s.d 30 APRL 2018
170TRE0058;61621;17-05-2018;61800;61800;0;1;1;61800;61800;;BELANJA OMI TGL 2 s.d 17 MEI 2018
170TRE0059;62277;30-04-2018;74300;74300;0;1;1;74300;74300;;BELANJA OMI TGL 18 s.d 30 APRL 2018
170TRE0060;63483;30-04-2018;54900;54900;0;1;1;54900;54900;;BELANJA OMI TGL 18 s.d 30 APRL 2018
170TRE0061;63483;17-05-2018;66250;66250;0;1;1;66250;66250;;BELANJA OMI TGL 2 s.d 17 MEI 2018
170TRE0062;90512;30-04-2018;18100;18100;0;1;1;18100;18100;;BELANJA OMI TGL 18 s.d 30 APRL 2018
170TRE0063;90512;17-05-2018;9900;9900;0;1;1;9900;9900;;BELANJA OMI TGL 2 s.d 17 MEI 2018
170TRE0064;101011;30-04-2018;54800;54800;0;1;1;54800;54800;;BELANJA OMI TGL 18 s.d 30 APRL 2018
170TRE0065;101011;17-05-2018;149350;149350;0;1;1;149350;149350;;BELANJA OMI TGL 2 s.d 17 MEI 2018
170TRE0066;110804;30-04-2018;48850;48850;0;1;1;48850;48850;;BELANJA OMI TGL 18 s.d 30 APRL 2018
170TRE0067;863912;30-04-2018;315400;315400;0;1;1;315400;315400;;BELANJA OMI TGL 18 s.d 30 APRL 2018
170TRE0068;863912;17-05-2018;333450;333450;0;1;1;333450;333450;;BELANJA OMI TGL 2 s.d 17 MEI 2018
170TRE0069;863912;17-05-2018;80000;80000;0;1;1;80000;80000;;BELANJA OMI NUGET TGL 2 s.d 17 MEI 2018
170TRE0070;885217;30-04-2018;8500;8500;0;1;1;8500;8500;;BELANJA OMI TGL 18 s.d 30 APRL 2018
170TRE0071;885217;17-05-2018;87400;87400;0;1;1;87400;87400;;BELANJA OMI TGL 2 s.d 17 MEI 2018
170TRE0072;890026;30-04-2018;87400;87400;0;1;1;87400;87400;;BELANJA OMI TGL 18 s.d 30 APRL 2018
170TRE0073;890026;17-05-2018;40800;40800;0;1;1;40800;40800;;BELANJA OMI TGL 2 s.d 17 MEI 2018
170TRE0074;896468;30-04-2018;325000;325000;0;1;1;325000;325000;;BELANJA OMI TGL 18 s.d 30 APRL 2018
170TRE0075;896480;30-04-2018;41100;41100;0;1;1;41100;41100;;BELANJA OMI TGL 18 s.d 30 APRL 2018
170TRE0076;896480;30-04-2018;100000;100000;0;1;1;100000;100000;;BELANJA OMI NUGET TGL 18 s.d 30 APRL 2018
170TRE0077;896480;17-05-2018;27300;27300;0;1;1;27300;27300;;BELANJA OMI TGL 2 s.d 17 MEI 2018
170TRE0078;897091;30-04-2018;741200;741200;0;1;1;741200;741200;;BELANJA OMI TGL 18 s.d 30 APRL 2018
170TRE0079;897091;17-05-2018;6700;6700;0;1;1;6700;6700;;BELANJA OMI TGL 2 s.d 17 MEI 2018
170TRE0080;897126;30-04-2018;35400;35400;0;1;1;35400;35400;;BELANJA OMI TGL 18 s.d 30 APRL 2018
170TRE0081;897126;17-05-2018;105450;105450;0;1;1;105450;105450;;BELANJA OMI TGL 2 s.d 17 MEI 2018
170TRE0082;897422;17-05-2018;393000;393000;0;1;1;393000;393000;;BELANJA OMI TGL 2 s.d 17 MEI 2018
170TRE0083;897658;30-04-2018;46200;46200;0;1;1;46200;46200;;BELANJA OMI TGL 18 s.d 30 APRL 2018
170TRE0084;897658;17-05-2018;44300;44300;0;1;1;44300;44300;;BELANJA OMI TGL 2 s.d 17 MEI 2018
170TRE0085;897725;30-04-2018;300000;300000;0;1;1;300000;300000;;BELANJA OMI TGL 18 s.d 30 APRL 2018
170TRE0086;898039;17-05-2018;114650;114650;0;1;1;114650;114650;;BELANJA OMI TGL 2 s.d 17 MEI 2018
170TRE0087;898343;30-04-2018;120300;120300;0;1;1;120300;120300;;BELANJA OMI TGL 18 s.d 30 APRL 2018
170TRE0088;898343;17-05-2018;78150;78150;0;1;1;78150;78150;;BELANJA OMI TGL 2 s.d 17 MEI 2018
170TRE0089;898808;30-04-2018;259500;259500;0;1;1;259500;259500;;BELANJA OMI TGL 18 s.d 30 APRL 2018
170TRE0090;898808;17-05-2018;81700;81700;0;1;1;81700;81700;;BELANJA OMI TGL 2 s.d 17 MEI 2018
170TRE0091;898830;30-04-2018;82200;82200;0;1;1;82200;82200;;BELANJA OMI TGL 18 s.d 30 APRL 2018
170TRE0092;898830;17-05-2018;37000;37000;0;1;1;37000;37000;;BELANJA OMI TGL 2 s.d 17 MEI 2018
170TRE0093;899557;30-04-2018;238950;238950;0;1;1;238950;238950;;BELANJA OMI TGL 18 s.d 30 APRL 2018
170TRE0094;899557;30-04-2018;45000;45000;0;1;1;45000;45000;;BELANJA OMI NUGET TGL 18 s.d 30 APRL 2018
170TRE0095;899557;17-05-2018;61050;61050;0;1;1;61050;61050;;BELANJA OMI TGL 2 s.d 17 MEI 2018
170TRE0096;899561;30-04-2018;93300;93300;0;1;1;93300;93300;;BELANJA OMI TGL 18 s.d 30 APRL 2018
170TRE0097;900257;30-04-2018;1954450;1954450;0;1;1;1954450;1954450;;BELANJA OMI TGL 18 s.d 30 APRL 2018
170TRE0098;900257;30-04-2018;513000;513000;0;1;1;513000;513000;;BELANJA OMI NUGET TGL 18 s.d 30 APRL 2018
170TRE0099;900257;17-05-2018;674400;674400;0;1;1;674400;674400;;BELANJA OMI TGL 2 s.d 17 MEI 2018
170TRE0100;900289;17-05-2018;91000;91000;0;1;1;91000;91000;;BELANJA OMI TGL 2 s.d 17 MEI 2018
170TRE0101;900293;17-05-2018;9000;9000;0;1;1;9000;9000;;BELANJA OMI TGL 2 s.d 17 MEI 2018
170TRE0102;900781;17-05-2018;189450;189450;0;1;1;189450;189450;;BELANJA OMI TGL 2 s.d 17 MEI 2018
170TRE0103;901147;30-04-2018;95100;95100;0;1;1;95100;95100;;BELANJA OMI TGL 18 s.d 30 APRL 2018
170TRE0104;901147;17-05-2018;35700;35700;0;1;1;35700;35700;;BELANJA OMI TGL 2 s.d 17 MEI 2018
170TRE0105;901149;30-04-2018;728700;728700;0;1;1;728700;728700;;BELANJA OMI TGL 18 s.d 30 APRL 2018
170TRE0106;901149;17-05-2018;1904750;1904750;0;1;1;1904750;1904750;;BELANJA OMI TGL 2 s.d 17 MEI 2018
170TRE0107;901149;17-05-2018;146000;146000;0;1;1;146000;146000;;BELANJA OMI NUGET TGL 2 s.d 17 MEI 2018
170TRE0108;901423;30-04-2018;25800;25800;0;1;1;25800;25800;;BELANJA OMI TGL 18 s.d 30 APRL 2018
170TRE0109;901423;17-05-2018;262200;262200;0;1;1;262200;262200;;BELANJA OMI TGL 2 s.d 17 MEI 2018
170TRE0110;901774;17-05-2018;169200;169200;0;1;1;169200;169200;;BELANJA OMI TGL 2 s.d 17 MEI 2018
170TRE0111;902098;30-04-2018;93200;93200;0;1;1;93200;93200;;BELANJA OMI TGL 18 s.d 30 APRL 2018
170TRE0112;902252;30-04-2018;29700;29700;0;1;1;29700;29700;;BELANJA OMI TGL 18 s.d 30 APRL 2018
170TRE0113;902252;17-05-2018;65450;65450;0;1;1;65450;65450;;BELANJA OMI TGL 2 s.d 17 MEI 2018
170TRE0114;902254;30-04-2018;213100;213100;0;1;1;213100;213100;;BELANJA OMI TGL 18 s.d 30 APRL 2018
170TRE0115;902254;17-05-2018;136000;136000;0;1;1;136000;136000;;BELANJA OMI TGL 2 s.d 17 MEI 2018
170TRE0116;902256;17-05-2018;111400;111400;0;1;1;111400;111400;;BELANJA OMI TGL 2 s.d 17 MEI 2018
170TRE0117;903076;17-05-2018;20600;20600;0;1;1;20600;20600;;BELANJA OMI TGL 2 s.d 17 MEI 2018
170TRE0118;903333;30-04-2018;34900;34900;0;1;1;34900;34900;;BELANJA OMI TGL 18 s.d 30 APRL 2018
170TRE0119;903333;17-05-2018;84000;84000;0;1;1;84000;84000;;BELANJA OMI TGL 2 s.d 17 MEI 2018
170TRE0120;910244;17-05-2018;73700;73700;0;1;1;73700;73700;;BELANJA OMI TGL 2 s.d 17 MEI 2018
170TRE0121;910522;30-04-2018;310800;310800;0;1;1;310800;310800;;BELANJA OMI TGL 18 s.d 30 APRL 2018
170TRE0122;910522;17-05-2018;206500;206500;0;1;1;206500;206500;;BELANJA OMI TGL 2 s.d 17 MEI 2018
170TRE0123;910522;17-05-2018;80000;80000;0;1;1;80000;80000;;BELANJA OMI NUGET TGL 2 s.d 17 MEI 2018
170TRE0124;910546;17-05-2018;14500;14500;0;1;1;14500;14500;;BELANJA OMI TGL 2 s.d 17 MEI 2018
170TRE0125;910846;30-04-2018;164800;164800;0;1;1;164800;164800;;BELANJA OMI TGL 18 s.d 30 APRL 2018
170TRE0126;910846;17-05-2018;109700;109700;0;1;1;109700;109700;;BELANJA OMI TGL 2 s.d 17 MEI 2018
170TRE0127;910963;30-04-2018;29300;29300;0;1;1;29300;29300;;BELANJA OMI TGL 18 s.d 30 APRL 2018
170TRE0128;910963;17-05-2018;23300;23300;0;1;1;23300;23300;;BELANJA OMI TGL 2 s.d 17 MEI 2018
170TRE0129;910968;30-04-2018;233900;233900;0;1;1;233900;233900;;BELANJA OMI TGL 18 s.d 30 APRL 2018
170TRE0130;910968;17-05-2018;115000;115000;0;1;1;115000;115000;;BELANJA OMI TGL 2 s.d 17 MEI 2018
170TRE0131;911195;30-04-2018;378100;378100;0;1;1;378100;378100;;BELANJA OMI TGL 18 s.d 30 APRL 2018
170TRE0132;911195;30-04-2018;156000;156000;0;1;1;156000;156000;;BELANJA OMI NUGET TGL 18 s.d 30 APRL 2018
170TRE0133;911195;17-05-2018;293200;293200;0;1;1;293200;293200;;BELANJA OMI TGL 2 s.d 17 MEI 2018
170TRE0134;911195;17-05-2018;31000;31000;0;1;1;31000;31000;;BELANJA OMI NUGET TGL 2 s.d 17 MEI 2018
170TRE0135;911812;30-04-2018;20300;20300;0;1;1;20300;20300;;BELANJA OMI TGL 18 s.d 30 APRL 2018
170TRE0136;911812;17-05-2018;33600;33600;0;1;1;33600;33600;;BELANJA OMI TGL 2 s.d 17 MEI 2018
170TRE0137;911814;30-04-2018;44700;44700;0;1;1;44700;44700;;BELANJA OMI TGL 18 s.d 30 APRL 2018
170TRE0138;911814;17-05-2018;25000;25000;0;1;1;25000;25000;;BELANJA OMI TGL 2 s.d 17 MEI 2018
170TRE0139;912056;30-04-2018;117300;117300;0;1;1;117300;117300;;BELANJA OMI TGL 18 s.d 30 APRL 2018
170TRE0140;912056;17-05-2018;66000;66000;0;1;1;66000;66000;;BELANJA OMI TGL 2 s.d 17 MEI 2018
170TRE0141;912201;30-04-2018;28500;28500;0;1;1;28500;28500;;BELANJA OMI TGL 18 s.d 30 APRL 2018
170TRE0142;912201;17-05-2018;250000;250000;0;1;1;250000;250000;;BELANJA OMI TGL 2 s.d 17 MEI 2018
170TRE0143;912202;30-04-2018;406600;406600;0;1;1;406600;406600;;BELANJA OMI TGL 18 s.d 30 APRL 2018
170TRE0144;912218;30-04-2018;185500;185500;0;1;1;185500;185500;;BELANJA OMI TGL 18 s.d 30 APRL 2018
170TRE0145;912218;17-05-2018;257400;257400;0;1;1;257400;257400;;BELANJA OMI TGL 2 s.d 17 MEI 2018
170TRE0146;912787;30-04-2018;85400;85400;0;1;1;85400;85400;;BELANJA OMI TGL 18 s.d 30 APRL 2018
170TRE0147;912811;17-05-2018;101450;101450;0;1;1;101450;101450;;BELANJA OMI TGL 2 s.d 17 MEI 2018
170TRE0148;912822;30-04-2018;32000;32000;0;1;1;32000;32000;;BELANJA OMI TGL 18 s.d 30 APRL 2018
170TRE0149;912822;17-05-2018;109100;109100;0;1;1;109100;109100;;BELANJA OMI TGL 2 s.d 17 MEI 2018
170TRE0150;913622;30-04-2018;17100;17100;0;1;1;17100;17100;;BELANJA OMI TGL 18 s.d 30 APRL 2018
170TRE0151;913622;17-05-2018;224700;224700;0;1;1;224700;224700;;BELANJA OMI TGL 2 s.d 17 MEI 2018
170TRE0152;914012;30-04-2018;221700;221700;0;1;1;221700;221700;;BELANJA OMI TGL 18 s.d 30 APRL 2018
170TRE0153;914012;17-05-2018;164700;164700;0;1;1;164700;164700;;BELANJA OMI TGL 2 s.d 17 MEI 2018
170TRE0154;914242;30-04-2018;64000;64000;0;1;1;64000;64000;;BELANJA OMI TGL 18 s.d 30 APRL 2018
170TRE0155;914242;17-05-2018;63900;63900;0;1;1;63900;63900;;BELANJA OMI TGL 2 s.d 17 MEI 2018
170TRE0156;920032;30-04-2018;11500;11500;0;1;1;11500;11500;;BELANJA OMI TGL 18 s.d 30 APRL 2018
170TRE0157;920410;30-04-2018;20800;20800;0;1;1;20800;20800;;BELANJA OMI TGL 18 s.d 30 APRL 2018
170TRE0158;920410;17-05-2018;66500;66500;0;1;1;66500;66500;;BELANJA OMI TGL 2 s.d 17 MEI 2018
170TRE0159;920657;30-04-2018;83500;83500;0;1;1;83500;83500;;BELANJA OMI TGL 18 s.d 30 APRL 2018
170TRE0160;920657;17-05-2018;59000;59000;0;1;1;59000;59000;;BELANJA OMI TGL 2 s.d 17 MEI 2018
170TRE0161;921366;17-05-2018;44200;44200;0;1;1;44200;44200;;BELANJA OMI TGL 2 s.d 17 MEI 2018
170TRE0162;921598;30-04-2018;148000;148000;0;1;1;148000;148000;;BELANJA OMI TGL 18 s.d 30 APRL 2018
170TRE0163;921598;17-05-2018;220700;220700;0;1;1;220700;220700;;BELANJA OMI TGL 2 s.d 17 MEI 2018
170TRE0164;921691;30-04-2018;285700;285700;0;1;1;285700;285700;;BELANJA OMI TGL 18 s.d 30 APRL 2018
170TRE0165;921691;17-05-2018;100750;100750;0;1;1;100750;100750;;BELANJA OMI TGL 2 s.d 17 MEI 2018
170TRE0166;921694;30-04-2018;58800;58800;0;1;1;58800;58800;;BELANJA OMI TGL 18 s.d 30 APRL 2018
170TRE0167;921747;30-04-2018;12500;12500;0;1;1;12500;12500;;BELANJA OMI TGL 18 s.d 30 APRL 2018
170TRE0168;921870;30-04-2018;769600;769600;0;1;1;769600;769600;;BELANJA OMI TGL 18 s.d 30 APRL 2018
170TRE0169;921870;17-05-2018;882250;882250;0;1;1;882250;882250;;BELANJA OMI TGL 2 s.d 17 MEI 2018
170TRE0170;931800;30-04-2018;63500;63500;0;1;1;63500;63500;;BELANJA OMI TGL 18 s.d 30 APRL 2018
170TRE0171;931800;17-05-2018;54000;54000;0;1;1;54000;54000;;BELANJA OMI TGL 2 s.d 17 MEI 2018
170TRE0172;932401;30-04-2018;62500;62500;0;1;1;62500;62500;;BELANJA OMI TGL 18 s.d 30 APRL 2018
170TRE0173;940134;30-04-2018;67000;67000;0;1;1;67000;67000;;BELANJA OMI TGL 18 s.d 30 APRL 2018
170TRE0174;940715;30-04-2018;65200;65200;0;1;1;65200;65200;;BELANJA OMI TGL 18 s.d 30 APRL 2018
170TRE0175;940715;17-05-2018;56150;56150;0;1;1;56150;56150;;BELANJA OMI TGL 2 s.d 17 MEI 2018
170TRE0176;941153;30-04-2018;58700;58700;0;1;1;58700;58700;;BELANJA OMI TGL 18 s.d 30 APRL 2018
170TRE0177;950020;17-05-2018;163000;163000;0;1;1;163000;163000;;BELANJA OMI TGL 2 s.d 17 MEI 2018
170TRE0178;951269;30-04-2018;106500;106500;0;1;1;106500;106500;;BELANJA OMI TGL 18 s.d 30 APRL 2018
170TRE0179;951269;17-05-2018;129400;129400;0;1;1;129400;129400;;BELANJA OMI TGL 2 s.d 17 MEI 2018
170TRE0180;960690;30-04-2018;19300;19300;0;1;1;19300;19300;;BELANJA OMI TGL 18 s.d 30 APRL 2018
170TRE0181;960690;17-05-2018;50600;50600;0;1;1;50600;50600;;BELANJA OMI TGL 2 s.d 17 MEI 2018
170TRE0182;960929;17-05-2018;6000;6000;0;1;1;6000;6000;;BELANJA OMI TGL 2 s.d 17 MEI 2018
170TRE0183;961551;30-04-2018;119000;119000;0;1;1;119000;119000;;BELANJA OMI TGL 18 s.d 30 APRL 2018
170TRE0184;961551;17-05-2018;766000;766000;0;1;1;766000;766000;;BELANJA OMI TGL 2 s.d 17 MEI 2018
170TRE0185;961581;30-04-2018;119500;119500;0;1;1;119500;119500;;BELANJA OMI TGL 18 s.d 30 APRL 2018
170TRE0186;962069;30-04-2018;392950;392950;0;1;1;392950;392950;;BELANJA OMI TGL 18 s.d 30 APRL 2018
170TRE0187;962140;30-04-2018;16200;16200;0;1;1;16200;16200;;BELANJA OMI TGL 18 s.d 30 APRL 2018
170TRE0188;962306;30-04-2018;12300;12300;0;1;1;12300;12300;;BELANJA OMI TGL 18 s.d 30 APRL 2018
170TRE0189;962306;17-05-2018;126500;126500;0;1;1;126500;126500;;BELANJA OMI TGL 2 s.d 17 MEI 2018
170TRE0190;962380;30-04-2018;45000;45000;0;1;1;45000;45000;;BELANJA OMI TGL 18 s.d 30 APRL 2018
170TRE0191;962380;17-05-2018;90000;90000;0;1;1;90000;90000;;BELANJA OMI TGL 2 s.d 17 MEI 2018
170TRE0192;962414;30-04-2018;61700;61700;0;1;1;61700;61700;;BELANJA OMI TGL 18 s.d 30 APRL 2018
170TRE0193;962782;30-04-2018;137000;137000;0;1;1;137000;137000;;BELANJA OMI TGL 18 s.d 30 APRL 2018
170TRE0194;962782;17-05-2018;94400;94400;0;1;1;94400;94400;;BELANJA OMI TGL 2 s.d 17 MEI 2018
170TRE0195;962795;30-04-2018;84400;84400;0;1;1;84400;84400;;BELANJA OMI TGL 18 s.d 30 APRL 2018
170TRE0196;962795;17-05-2018;130000;130000;0;1;1;130000;130000;;BELANJA OMI TGL 2 s.d 17 MEI 2018
170TRE0197;962810;30-04-2018;12200;12200;0;1;1;12200;12200;;BELANJA OMI TGL 18 s.d 30 APRL 2018
170TRE0198;962946;30-04-2018;190700;190700;0;1;1;190700;190700;;BELANJA OMI TGL 18 s.d 30 APRL 2018
170TRE0199;962946;17-05-2018;85300;85300;0;1;1;85300;85300;;BELANJA OMI TGL 2 s.d 17 MEI 2018
170TRE0200;963175;30-04-2018;390000;390000;0;1;1;390000;390000;;BELANJA OMI TGL 18 s.d 30 APRL 2018
170TRE0201;963175;17-05-2018;126000;126000;0;1;1;126000;126000;;BELANJA OMI TGL 2 s.d 17 MEI 2018
170TRE0202;963176;17-05-2018;436800;436800;0;1;1;436800;436800;;BELANJA OMI TGL 2 s.d 17 MEI 2018
170TRE0203;963180;30-04-2018;469400;469400;0;1;1;469400;469400;;BELANJA OMI TGL 18 s.d 30 APRL 2018
170TRE0204;963180;17-05-2018;7300;7300;0;1;1;7300;7300;;BELANJA OMI TGL 2 s.d 17 MEI 2018
170TRE0205;963185;17-05-2018;37200;37200;0;1;1;37200;37200;;BELANJA OMI TGL 2 s.d 17 MEI 2018
170TRE0206;963185;17-05-2018;200000;200000;0;1;1;200000;200000;;BELANJA OMI NUGET TGL 2 s.d 17 MEI 2018
170TRE0207;963721;30-04-2018;16200;16200;0;1;1;16200;16200;;BELANJA OMI TGL 18 s.d 30 APRL 2018
170TRE0208;963888;30-04-2018;92400;92400;0;1;1;92400;92400;;BELANJA OMI TGL 18 s.d 30 APRL 2018
170TRE0209;963888;17-05-2018;62900;62900;0;1;1;62900;62900;;BELANJA OMI TGL 2 s.d 17 MEI 2018
170TRE0210;970174;30-04-2018;262600;262600;0;1;1;262600;262600;;BELANJA OMI TGL 18 s.d 30 APRL 2018
170TRE0211;970654;30-04-2018;71750;71750;0;1;1;71750;71750;;BELANJA OMI TGL 18 s.d 30 APRL 2018
170TRE0212;970654;17-05-2018;164100;164100;0;1;1;164100;164100;;BELANJA OMI TGL 2 s.d 17 MEI 2018
170TRE0213;970677;17-05-2018;31000;31000;0;1;1;31000;31000;;BELANJA OMI TGL 2 s.d 17 MEI 2018
170TRE0214;970825;30-04-2018;42400;42400;0;1;1;42400;42400;;BELANJA OMI TGL 18 s.d 30 APRL 2018
170TRE0215;970825;17-05-2018;50600;50600;0;1;1;50600;50600;;BELANJA OMI TGL 2 s.d 17 MEI 2018
170TRE0216;971137;17-05-2018;92200;92200;0;1;1;92200;92200;;BELANJA OMI TGL 2 s.d 17 MEI 2018
170TRE0217;971238;17-05-2018;130500;130500;0;1;1;130500;130500;;BELANJA OMI TGL 2 s.d 17 MEI 2018
170TRE0218;971755;30-04-2018;38500;38500;0;1;1;38500;38500;;BELANJA OMI TGL 18 s.d 30 APRL 2018
170TRE0219;973034;17-05-2018;17200;17200;0;1;1;17200;17200;;BELANJA OMI TGL 2 s.d 17 MEI 2018
170TRE0220;973145;30-04-2018;84700;84700;0;1;1;84700;84700;;BELANJA OMI TGL 18 s.d 30 APRL 2018
170TRE0221;973145;17-05-2018;620100;620100;0;1;1;620100;620100;;BELANJA OMI TGL 2 s.d 17 MEI 2018
170TRE0222;973163;30-04-2018;9600;9600;0;1;1;9600;9600;;BELANJA OMI TGL 18 s.d 30 APRL 2018
170TRE0223;973200;30-04-2018;130900;130900;0;1;1;130900;130900;;BELANJA OMI TGL 18 s.d 30 APRL 2018
170TRE0224;973270;30-04-2018;207550;207550;0;1;1;207550;207550;;BELANJA OMI TGL 18 s.d 30 APRL 2018
170TRE0225;973270;17-05-2018;68300;68300;0;1;1;68300;68300;;BELANJA OMI TGL 2 s.d 17 MEI 2018
170TRE0226;973336;17-05-2018;64600;64600;0;1;1;64600;64600;;BELANJA OMI TGL 2 s.d 17 MEI 2018
170TRE0227;973505;30-04-2018;126400;126400;0;1;1;126400;126400;;BELANJA OMI TGL 18 s.d 30 APRL 2018
170TRE0228;973505;17-05-2018;93500;93500;0;1;1;93500;93500;;BELANJA OMI TGL 2 s.d 17 MEI 2018
170TRE0229;973623;17-05-2018;216100;216100;0;1;1;216100;216100;;BELANJA OMI TGL 2 s.d 17 MEI 2018
170TRE0230;973672;17-05-2018;46100;46100;0;1;1;46100;46100;;BELANJA OMI TGL 2 s.d 17 MEI 2018
170TRE0231;973687;30-04-2018;9000;9000;0;1;1;9000;9000;;BELANJA OMI TGL 18 s.d 30 APRL 2018
170TRE0232;973845;30-04-2018;325000;325000;0;1;1;325000;325000;;BELANJA OMI TGL 18 s.d 30 APRL 2018
170TRE0233;973845;17-05-2018;124400;124400;0;1;1;124400;124400;;BELANJA OMI TGL 2 s.d 17 MEI 2018
170TRE0234;974015;30-04-2018;167150;167150;0;1;1;167150;167150;;BELANJA OMI TGL 18 s.d 30 APRL 2018
170TRE0235;974015;30-04-2018;40000;40000;0;1;1;40000;40000;;BELANJA OMI NUGET TGL 18 s.d 30 APRL 2018
170TRE0236;974015;17-05-2018;146200;146200;0;1;1;146200;146200;;BELANJA OMI TGL 2 s.d 17 MEI 2018
170TRE0237;974040;17-05-2018;409500;409500;0;1;1;409500;409500;;BELANJA OMI TGL 2 s.d 17 MEI 2018
170TRE0238;974229;30-04-2018;63400;63400;0;1;1;63400;63400;;BELANJA OMI TGL 18 s.d 30 APRL 2018
170TRE0239;975130;30-04-2018;477700;477700;0;1;1;477700;477700;;BELANJA OMI TGL 18 s.d 30 APRL 2018
170TRE0240;975130;30-04-2018;45000;45000;0;1;1;45000;45000;;BELANJA OMI NUGET TGL 18 s.d 30 APRL 2018
170TRE0241;975130;17-05-2018;594700;594700;0;1;1;594700;594700;;BELANJA OMI TGL 2 s.d 17 MEI 2018
170TRE0242;975392;30-04-2018;96450;96450;0;1;1;96450;96450;;BELANJA OMI TGL 18 s.d 30 APRL 2018
170TRE0243;975392;30-04-2018;50000;50000;0;1;1;50000;50000;;BELANJA OMI NUGET TGL 18 s.d 30 APRL 2018
170TRE0244;975392;17-05-2018;34300;34300;0;1;1;34300;34300;;BELANJA OMI TGL 2 s.d 17 MEI 2018
170TRE0245;975486;17-05-2018;371150;371150;0;1;1;371150;371150;;BELANJA OMI TGL 2 s.d 17 MEI 2018
170TRE0246;976608;30-04-2018;68400;68400;0;1;1;68400;68400;;BELANJA OMI TGL 18 s.d 30 APRL 2018
170TRE0247;976608;17-05-2018;149600;149600;0;1;1;149600;149600;;BELANJA OMI TGL 2 s.d 17 MEI 2018
170TRE0248;977398;30-04-2018;130300;130300;0;1;1;130300;130300;;BELANJA OMI TGL 18 s.d 30 APRL 2018
170TRE0249;977398;17-05-2018;105000;105000;0;1;1;105000;105000;;BELANJA OMI TGL 2 s.d 17 MEI 2018
170TRE0250;980193;30-04-2018;14600;14600;0;1;1;14600;14600;;BELANJA OMI TGL 18 s.d 30 APRL 2018
170TRE0251;990578;30-04-2018;40100;40100;0;1;1;40100;40100;;BELANJA OMI TGL 18 s.d 30 APRL 2018
